{"cameraMode":{"drawMode":0,"name":"Shaded","section":"Shading Mode"},"sceneLighting":true,"audioPlay":false,"sceneViewState":{"showFog":true,"showMaterialUpdate":true,"showSkybox":false,"showFlares":true,"showImageEffects":true,"showParticleSystems":true},"in2DMode":false,"pivot":{"x":-0.8090200424194336,"y":0.19999980926513673,"z":-8.127399444580079},"rotation":{"x":0.5154255032539368,"y":-0.028287649154663087,"z":0.016995182260870935,"w":0.8563408851623535},"size":18.186532974243165,"orthographic":false}