{"cameraMode":{"drawMode":0,"name":"Shaded","section":"Shading Mode"},"sceneLighting":false,"audioPlay":false,"sceneViewState":{"showFog":true,"showMaterialUpdate":true,"showSkybox":false,"showFlares":true,"showImageEffects":true,"showParticleSystems":true},"in2DMode":false,"pivot":{"x":-6.414200782775879,"y":0.9913046360015869,"z":-6.5998616218566898},"rotation":{"x":0.4918181598186493,"y":0.041750043630599979,"z":-0.023639962077140809,"w":0.869414746761322},"size":1.870605707168579,"orthographic":false}