{"cameraMode":{"drawMode":0,"name":"Shaded","section":"Shading Mode"},"sceneLighting":true,"audioPlay":false,"sceneViewState":{"showFog":true,"showMaterialUpdate":true,"showSkybox":true,"showFlares":true,"showImageEffects":true,"showParticleSystems":true},"in2DMode":false,"pivot":{"x":-1.4722380638122559,"y":29.045351028442384,"z":-12.921882629394532},"rotation":{"x":0.4494667947292328,"y":0.04549026861786842,"z":-0.022998034954071046,"w":0.8918821215629578},"size":4.477090358734131,"orthographic":false}